{
  "name": "Temp AuthToken for admin [2018-11-22 08:30:28.857]",
  "authToken": "34f94982700d5f54dd59a148d4d208bb",
  "description": null,
  "userIdentifier": "admin",
  "isActive": true,
  "expiration": "2018-11-23T08:30:28.858+00:00",
  "logging": "admini=FINE,buslog=FINE,depend=FINE,generl=FINE,persis=FINE,engine=FINE,resrcs=FINE,securi=FINE,sysdbg=FINE,ulogic=FINE",
  "isCreatedByAuthenticationService": true,
  "roles": [
    "Account admin",
    "Data admin"
  ],
  "globals": {
    "teamSpaceUrlFragment": "default",
    "username": "admin"
  }
}
