{
  "name": "parentCopy_UnitPrice",
  "entity": "Order Details",
  "isActive": true,
  "ruleType": "parentCopy",
  "attribute": "UnitPrice",
  "roleToParent": "Products",
  "parentAttribute": "UnitPrice",
  "isAutoTitle": false,
  "title": "copy price from product, unaffected by price changes",
  "comments": "Obtain the price from the product.\nCopy means subsequent changes to Products.UnitPrice do not affect existing Order Details.\n  You could also use a formula for row.Products.UnitPrice if you *do* want to cascade changes.\n\nYou can change the Rule name (at the top) to be more friendly, or specify a more suitable role name, such as myProducts using the schema page.",
  "topics": [
  ]
}
