{
  "name": "Orders",
  "description": "Orders for customer",
  "siblingRank": 100,
  "resourceType": "TableBased",
  "prefix": "nw",
  "entity": "Orders",
  "join": "\"CustomerID\" = [CustomerID]",
  "isCollection": true,
  "isCombined": false,
  "filter": null,
  "order": "\"OrderDate\" asc",
  "useSchemaAttributes": false,
  "attributes": [
    {
      "attribute": "AmountTotal",
      "alias": "Total",
      "description": null,
      "isKey": false
    },
    {
      "attribute": "OrderDate",
      "alias": "Date",
      "description": null,
      "isKey": false
    }
  ]
}
