{
  "name": "CustomersBusObject",
  "description": "Customers with orders - note Attribute alias",
  "siblingRank": 100,
  "resourceType": "TableBased",
  "prefix": "nw",
  "entity": "Customers",
  "isCollection": true,
  "isCombined": false,
  "filter": null,
  "order": "\"CompanyName\" asc",
  "useSchemaAttributes": false,
  "attributes": [
    {
      "attribute": "CustomerID",
      "alias": "ID",
      "description": null,
      "isKey": false
    },
    {
      "attribute": "Balance",
      "alias": "Balance",
      "description": null,
      "isKey": false
    }
  ]
}
