{
  "name": "sum_AmountTotal",
  "entity": "Orders",
  "isActive": true,
  "ruleType": "sum",
  "attribute": "AmountTotal",
  "roleToChildren": "Order$0020Details_List",
  "childAttribute": "Amount",
  "qualification": null,
  "isJIT": false,
  "isAutoTitle": true,
  "title": "AmountTotal = sum(Order$0020Details_List.Amount)",
  "comments": "Adjust the AmountTotal to be the sum(Order$0020Details_List.Amount)\nObserve how simple rules chain to solve complex, multi-table transactions.",
  "topics": [
  ]
}
