{
  "name": "sum_Balance",
  "entity": "Customers",
  "isActive": true,
  "ruleType": "sum",
  "attribute": "Balance",
  "roleToChildren": "Orders_List",
  "childAttribute": "AmountTotal",
  "qualification": "null === ShippedDate",
  "isJIT": false,
  "isAutoTitle": false,
  "title": "adjust the balance to be the sum(Orders_List.AmountTotal) for unshipped orders",
  "comments": "Adjusts Balance by *reacting* to changes in Orders_List.AmountTotal,\nincluding other changes noted in Table/Column help.",
  "topics": [
  ]
}
